contact,first partner position,first partner domain,first partner residue,second partner position,second partner domain,second partner residue,median distance,first partner type,number atoms contacts,atoms contacts
687ILE_573ARG,687,Hinge,ILE,573,Protease,ARG,2.1447839534559763,donor,1,ILE687_O-ARG573_N-H
692ASN_569ASN,689,Hinge,GLU,571,Protease,THR,1.9508275483109356,acceptor,1,ASN569_O-ASN692_N-H
690SER_571THR,690,Hinge,SER,571,Protease,THR,2.0016845013866504,donor,2,SER690_O-THR571_N-H THR571_O-SER690_N-H
790ARG_370THR,692,Hinge,ASN,569,Protease,ASN,2.0699082559981226,acceptor,2,THR370_OG1-ARG790_NH1-HH12 THR370_OG1-ARG790_NH2-HH22
703ARG_657ARG,703,Hinge,ARG,657,between Protease and Hinge,ARG,2.625177041976941,donor,1,ARG703_O-ARG657_NH2-HH22
705TRP_584ALA,705,Hinge,TRP,586,Protease,GLY,2.2300732661982687,acceptor,1,ALA584_O-TRP705_NE1-HE1
689GLU_571THR,705,Hinge,TRP,584,Protease,ALA,2.2657777919453883,acceptor,1,THR571_O-GLU689_N-H
705TRP_657ARG,705,Hinge,TRP,657,between Protease and Hinge,ARG,2.49937827874291,donor,1,TRP705_O-ARG657_NH1-HH12
705TRP_660GLN,705,Hinge,TRP,660,between Protease and Hinge,GLN,2.143289624845372,donor,1,TRP705_O-GLN660_NE2-HE21
706SER_657ARG,706,Hinge,SER,657,between Protease and Hinge,ARG,1.9750759570032268,donor,2,SER706_O-ARG657_NH1-HH12 SER706_O-ARG657_NH2-HH22
707THR_718GLU,707,Hinge,THR,718,Hinge,GLU,2.130211488959281,donor,1,THR707_OG1-GLU718_N-H
713ASP_661ARG,713,Hinge,ASP,661,between Protease and Hinge,ARG,2.086622338351278,donor,1,ASP713_O-ARG661_NH1-HH12
715SER_661ARG,715,Hinge,SER,661,between Protease and Hinge,ARG,1.9716050851789049,donor,1,SER715_OG-ARG661_NH1-HH11
718GLU_294GLY,718,Hinge,GLU,294,Y domain,GLY,1.9886276933334688,donor,1,GLU718_O-GLY294_N-H
850ARG_871ASP,720,Hinge,ALA,292,Y domain,ILE,2.00935247437133,acceptor,3,ARG850_NH2-ASP871_N-H ASP871_OD1-ARG850_NH2-HH21 ASP871_OD2-ARG850_NH2-HH21
720ALA_296GLY,720,Hinge,ALA,296,Y domain,GLY,2.505310662615748,donor,1,ALA720_O-GLY296_N-H
720ALA_297GLY,720,Hinge,ALA,297,Y domain,GLY,2.611558188704019,donor,1,ALA720_O-GLY297_N-H
723ALA_296GLY,723,Hinge,ALA,296,Y domain,GLY,2.383657354037222,donor,1,ALA723_O-GLY296_N-H
728PRO_661ARG,728,Hinge,PRO,661,between Protease and Hinge,ARG,1.9109549603627525,donor,1,PRO728_O-ARG661_NH2-HH22
730LEU_661ARG,730,Hinge,LEU,661,between Protease and Hinge,ARG,2.1848429540513905,donor,1,LEU730_O-ARG661_NH2-HH21
733PRO_661ARG,733,Hinge,PRO,661,between Protease and Hinge,ARG,1.973111040130875,donor,2,PRO733_O-ARG661_NE-HE PRO733_O-ARG661_NH2-HH21
740ILE_301LEU,740,Hinge,ILE,301,Y domain,LEU,2.021527022427806,donor,1,ILE740_O-LEU301_N-H
720ALA_292ILE,741,Hinge,TRP,295,Y domain,PRO,1.932738849973755,acceptor,1,ILE292_O-ALA720_N-H
816LEU_296GLY,742,Hinge,ALA,299,Y domain,PRO,2.0545517664713917,acceptor,1,GLY296_O-LEU816_N-H
748GLU_931ARG,748,Hinge,GLU,931,X domain,ARG,1.7720506071437003,donor,4,GLU748_OE1-ARG931_NH1-HH12 GLU748_OE1-ARG931_NH2-HH22 GLU748_OE2-ARG931_NH1-HH12 GLU748_OE2-ARG931_NH2-HH22
748GLU_808GLN,748,Hinge,GLU,808,Hinge,GLN,1.830775824508137,donor,1,GLU748_OE1-GLN808_NE2-HE22
748GLU_804GLN,748,Hinge,GLU,804,Hinge,GLN,1.866709526229876,donor,1,GLU748_OE2-GLN804_NE2-HE22
749GLU_817THR,749,Hinge,GLU,817,Hinge,THR,2.036896049900867,donor,2,GLU749_OE1-THR817_N-H GLU749_OE2-THR817_N-H
753ARG_895GLN,753,Hinge,ARG,895,X domain,GLN,2.0080634002472317,acceptor,1,GLN895_OE1-ARG753_NH1-HH11
756ASN_964GLN,756,Hinge,ASN,964,X domain,GLN,2.066605933647794,acceptor,1,GLN964_O-ASN756_ND2-HD22
756ASN_959GLY,756,Hinge,ASN,959,X domain,GLY,1.9141576683902648,acceptor,1,GLY959_O-ASN756_N-H
756ASN_993TRP,756,Hinge,ASN,993,X domain,TRP,2.0078963148295688,donor,1,ASN756_OD1-TRP993_NE1-HE1
766GLU_777ARG,766,Hinge,GLU,777,Hinge,ARG,1.8493969992580657,donor,1,GLU766_OE1-ARG777_NH1-HH11
767GLU_753ARG,767,Hinge,GLU,753,Hinge,ARG,1.8641330777927831,donor,4,GLU767_OE1-ARG753_NH1-HH12 GLU767_OE1-ARG753_NH2-HH22 GLU767_OE2-ARG753_NH1-HH12 GLU767_OE2-ARG753_NH2-HH22
742ALA_299PRO,779,Hinge,LYS,332,Y domain,ASP,2.7068428769842665,acceptor,1,PRO299_O-ALA742_N-H
785THR_761ASN,785,Hinge,THR,761,Hinge,ASN,1.9954018352983611,donor,1,THR785_OG1-ASN761_ND2-HD22
793ARG_364ALA,790,Hinge,ARG,366,Y domain,GLU,1.900651925559411,acceptor,1,ALA364_O-ARG793_NH2-HH22
799ILE_367ASP,790,Hinge,ARG,370,Y domain,THR,2.044106448198276,acceptor,2,ASP367_OD1-ILE799_N-H ASP367_OD2-ILE799_N-H
779LYS_332ASP,793,Hinge,ARG,363,Y domain,ASN,2.0462361149710437,acceptor,3,ASP332_O-LYS779_NZ-HZ1 ASP332_O-LYS779_NZ-HZ2 ASP332_O-LYS779_NZ-HZ3
793ARG_363ASN,793,Hinge,ARG,364,Y domain,ALA,1.8679354583309484,acceptor,1,ASN363_O-ARG793_NH1-HH12
790ARG_366GLU,793,Hinge,ARG,366,Y domain,GLU,1.7975452498931523,acceptor,1,GLU366_OE2-ARG790_NH1-HH11
796VAL_931ARG,796,Hinge,VAL,931,X domain,ARG,2.040732658663603,acceptor,1,ARG931_O-VAL796_N-H
797ARG_931ARG,797,Hinge,ARG,931,X domain,ARG,2.106790044612018,acceptor,1,ARG931_O-ARG797_N-H
793ARG_366GLU,799,Hinge,ILE,367,Y domain,ASP,2.2958490072229627,acceptor,2,GLU366_OE1-ARG793_NE-HE GLU366_OE1-ARG793_NH2-HH21
804GLN_884ARG,804,Hinge,GLN,884,X domain,ARG,2.6232957074944427,donor,1,GLN804_O-ARG884_NH1-HH11
805GLU_884ARG,805,Hinge,GLU,884,X domain,ARG,1.9498007996460471,donor,4,GLU805_OE1-ARG884_NH1-HH12 GLU805_OE1-ARG884_NH2-HH22 GLU805_OE2-ARG884_NH1-HH12 GLU805_OE2-ARG884_NH2-HH22
808GLN_886GLY,808,Hinge,GLN,886,X domain,GLY,2.221775445201851,donor,1,GLN808_O-GLY886_N-H
808GLN_884ARG,808,Hinge,GLN,884,X domain,ARG,2.041803294345668,donor,1,GLN808_OE1-ARG884_NH1-HH11
741TRP_295PRO,816,Hinge,LEU,296,Y domain,GLY,2.293188710271897,acceptor,1,PRO295_O-TRP741_NE1-HE1
817THR_747SER,817,Hinge,THR,747,Hinge,SER,2.2379056771502968,donor,1,THR817_OG1-SER747_N-H
847SER_866SER,847,Hinge,SER,866,X domain,SER,2.2900611055394844,donor,1,SER847_O-SER866_N-H
848ARG_899GLU,848,Hinge,ARG,899,X domain,GLU,1.981620873864612,acceptor,4,GLU899_OE1-ARG848_NH1-HH12 GLU899_OE1-ARG848_NH2-HH22 GLU899_OE2-ARG848_NH1-HH12 GLU899_OE2-ARG848_NH2-HH22
683SER_679PHE,850,Hinge,ARG,871,X domain,ASP,1.956767601886912,acceptor,1,PHE679_O-SER683_N-H
850ARG_983GLU,850,Hinge,ARG,983,X domain,GLU,1.822261003924732,acceptor,4,GLU983_OE1-ARG850_NH1-HH12 GLU983_OE1-ARG850_NH2-HH22 GLU983_OE2-ARG850_NH1-HH12 GLU983_OE2-ARG850_NH2-HH22
850ARG_985TYR,850,Hinge,ARG,985,X domain,TYR,2.345354073604155,acceptor,1,TYR985_OH-ARG850_NH1-HH11
